--------------------------------------------------------
--  Fichier créé - mercredi-janvier-18-2017   
--------------------------------------------------------
--------------------------------------------------------
--  DDL for Sequence SEQ_BCC
--------------------------------------------------------

   CREATE SEQUENCE  "BCC"."SEQ_BCC"  MINVALUE 1 MAXVALUE 9999999999999999999999999999 INCREMENT BY 1 START WITH 1 CACHE 20 NOORDER  NOCYCLE ;
--------------------------------------------------------
--  DDL for Sequence SEQ_BCC_ID_BCC
--------------------------------------------------------

   CREATE SEQUENCE  "BCC"."SEQ_BCC_ID_BCC"  MINVALUE 1 MAXVALUE 9999999999999999999999999999 INCREMENT BY 1 START WITH 1 CACHE 20 NOORDER  NOCYCLE ;
--------------------------------------------------------
--  DDL for Sequence SEQ_BV
--------------------------------------------------------

   CREATE SEQUENCE  "BCC"."SEQ_BV"  MINVALUE 1 MAXVALUE 9999999999999999999999999999 INCREMENT BY 1 START WITH 21 CACHE 20 NOORDER  NOCYCLE ;
--------------------------------------------------------
--  DDL for Sequence SEQ_BV_ID_BV
--------------------------------------------------------

   CREATE SEQUENCE  "BCC"."SEQ_BV_ID_BV"  MINVALUE 1 MAXVALUE 9999999999999999999999999999 INCREMENT BY 1 START WITH 1 CACHE 20 NOORDER  NOCYCLE ;
--------------------------------------------------------
--  DDL for Sequence SEQ_CANDIDAT
--------------------------------------------------------

   CREATE SEQUENCE  "BCC"."SEQ_CANDIDAT"  MINVALUE 1 MAXVALUE 9999999999999999999999999999 INCREMENT BY 1 START WITH 41 CACHE 20 NOORDER  NOCYCLE ;
--------------------------------------------------------
--  DDL for Sequence SEQ_CANDIDAT_ID_CD
--------------------------------------------------------

   CREATE SEQUENCE  "BCC"."SEQ_CANDIDAT_ID_CD"  MINVALUE 1 MAXVALUE 9999999999999999999999999999 INCREMENT BY 1 START WITH 1 CACHE 20 NOORDER  NOCYCLE ;
--------------------------------------------------------
--  DDL for Sequence SEQ_COMMUNE
--------------------------------------------------------

   CREATE SEQUENCE  "BCC"."SEQ_COMMUNE"  MINVALUE 1 MAXVALUE 9999999999999999999999999999 INCREMENT BY 1 START WITH 74 CACHE 20 NOORDER  NOCYCLE ;
--------------------------------------------------------
--  DDL for Sequence SEQ_COMMUNE_ID_COMN
--------------------------------------------------------

   CREATE SEQUENCE  "BCC"."SEQ_COMMUNE_ID_COMN"  MINVALUE 1 MAXVALUE 9999999999999999999999999999 INCREMENT BY 1 START WITH 1 CACHE 20 NOORDER  NOCYCLE ;
--------------------------------------------------------
--  DDL for Sequence SEQ_DELEGE
--------------------------------------------------------

   CREATE SEQUENCE  "BCC"."SEQ_DELEGE"  MINVALUE 1 MAXVALUE 9999999999999999999999999999 INCREMENT BY 1 START WITH 21 CACHE 20 NOORDER  NOCYCLE ;
--------------------------------------------------------
--  DDL for Sequence SEQ_DELEGE_CIN_DL
--------------------------------------------------------

   CREATE SEQUENCE  "BCC"."SEQ_DELEGE_CIN_DL"  MINVALUE 1 MAXVALUE 9999999999999999999999999999 INCREMENT BY 1 START WITH 1 CACHE 20 NOORDER  NOCYCLE ;
--------------------------------------------------------
--  DDL for Sequence SEQ_DELEGE_ID_DL
--------------------------------------------------------

   CREATE SEQUENCE  "BCC"."SEQ_DELEGE_ID_DL"  MINVALUE 1 MAXVALUE 9999999999999999999999999999 INCREMENT BY 1 START WITH 1 CACHE 20 NOORDER  NOCYCLE ;
--------------------------------------------------------
--  DDL for Sequence SEQ_ELECTEUR
--------------------------------------------------------

   CREATE SEQUENCE  "BCC"."SEQ_ELECTEUR"  MINVALUE 1 MAXVALUE 9999999999999999999999999999 INCREMENT BY 1 START WITH 61 CACHE 20 NOORDER  NOCYCLE ;
--------------------------------------------------------
--  DDL for Sequence SEQ_ELECTEUR_ID_EL
--------------------------------------------------------

   CREATE SEQUENCE  "BCC"."SEQ_ELECTEUR_ID_EL"  MINVALUE 1 MAXVALUE 9999999999999999999999999999 INCREMENT BY 1 START WITH 1 CACHE 20 NOORDER  NOCYCLE ;
--------------------------------------------------------
--  DDL for Sequence SEQ_LISTE
--------------------------------------------------------

   CREATE SEQUENCE  "BCC"."SEQ_LISTE"  MINVALUE 1 MAXVALUE 9999999999999999999999999999 INCREMENT BY 1 START WITH 41 CACHE 20 NOORDER  NOCYCLE ;
--------------------------------------------------------
--  DDL for Sequence SEQ_LISTE_CONDIDATE_ID_LC
--------------------------------------------------------

   CREATE SEQUENCE  "BCC"."SEQ_LISTE_CONDIDATE_ID_LC"  MINVALUE 1 MAXVALUE 9999999999999999999999999999 INCREMENT BY 1 START WITH 1 CACHE 20 NOORDER  NOCYCLE ;
--------------------------------------------------------
--  DDL for Sequence SEQ_MEMBRE
--------------------------------------------------------

   CREATE SEQUENCE  "BCC"."SEQ_MEMBRE"  MINVALUE 1 MAXVALUE 9999999999999999999999999999 INCREMENT BY 1 START WITH 61 CACHE 20 NOORDER  NOCYCLE ;
--------------------------------------------------------
--  DDL for Sequence SEQ_MEMBRE_ID_MB
--------------------------------------------------------

   CREATE SEQUENCE  "BCC"."SEQ_MEMBRE_ID_MB"  MINVALUE 1 MAXVALUE 9999999999999999999999999999 INCREMENT BY 1 START WITH 1 CACHE 20 NOORDER  NOCYCLE ;
--------------------------------------------------------
--  DDL for Sequence SEQ_NOTE
--------------------------------------------------------

   CREATE SEQUENCE  "BCC"."SEQ_NOTE"  MINVALUE 1 MAXVALUE 9999999999999999999999999999 INCREMENT BY 1 START WITH 21 CACHE 20 NOORDER  NOCYCLE ;
--------------------------------------------------------
--  DDL for Sequence SEQ_NOTE_ID_NOTE
--------------------------------------------------------

   CREATE SEQUENCE  "BCC"."SEQ_NOTE_ID_NOTE"  MINVALUE 1 MAXVALUE 9999999999999999999999999999 INCREMENT BY 1 START WITH 1 CACHE 20 NOORDER  NOCYCLE ;
--------------------------------------------------------
--  DDL for Sequence SEQ_PV
--------------------------------------------------------

   CREATE SEQUENCE  "BCC"."SEQ_PV"  MINVALUE 1 MAXVALUE 9999999999999999999999999999 INCREMENT BY 1 START WITH 21 CACHE 20 NOORDER  NOCYCLE ;
--------------------------------------------------------
--  DDL for Sequence SEQ_PV_ID_PV
--------------------------------------------------------

   CREATE SEQUENCE  "BCC"."SEQ_PV_ID_PV"  MINVALUE 1 MAXVALUE 9999999999999999999999999999 INCREMENT BY 1 START WITH 1 CACHE 20 NOORDER  NOCYCLE ;
--------------------------------------------------------
--  DDL for Sequence SEQ_RESPONSABLE
--------------------------------------------------------

   CREATE SEQUENCE  "BCC"."SEQ_RESPONSABLE"  MINVALUE 1 MAXVALUE 9999999999999999999999999999 INCREMENT BY 1 START WITH 61 CACHE 20 NOORDER  NOCYCLE ;
--------------------------------------------------------
--  DDL for Sequence SEQ_RESULTAT
--------------------------------------------------------

   CREATE SEQUENCE  "BCC"."SEQ_RESULTAT"  MINVALUE 1 MAXVALUE 9999999999999999999999999999 INCREMENT BY 1 START WITH 21 CACHE 20 NOORDER  NOCYCLE ;
--------------------------------------------------------
--  DDL for Table BCC
--------------------------------------------------------

  CREATE TABLE "BCC"."BCC" 
   (	"ID_BCC" NUMBER, 
	"ADRESSE_BCC" VARCHAR2(25 BYTE), 
	"NOM_CIRCONSCRIPTION" VARCHAR2(25 BYTE)
   ) SEGMENT CREATION IMMEDIATE 
  PCTFREE 10 PCTUSED 40 INITRANS 1 MAXTRANS 255 NOCOMPRESS LOGGING
  STORAGE(INITIAL 65536 NEXT 1048576 MINEXTENTS 1 MAXEXTENTS 2147483645
  PCTINCREASE 0 FREELISTS 1 FREELIST GROUPS 1 BUFFER_POOL DEFAULT FLASH_CACHE DEFAULT CELL_FLASH_CACHE DEFAULT)
  TABLESPACE "SYSTEM" ;
--------------------------------------------------------
--  DDL for Table BV
--------------------------------------------------------

  CREATE TABLE "BCC"."BV" 
   (	"ID_BV" NUMBER, 
	"NOM_BV" VARCHAR2(25 BYTE), 
	"ADRESSE_BV" VARCHAR2(25 BYTE), 
	"ID_COMN" NUMBER(10,0), 
	"ID_PV" NUMBER(10,0)
   ) SEGMENT CREATION IMMEDIATE 
  PCTFREE 10 PCTUSED 40 INITRANS 1 MAXTRANS 255 NOCOMPRESS LOGGING
  STORAGE(INITIAL 65536 NEXT 1048576 MINEXTENTS 1 MAXEXTENTS 2147483645
  PCTINCREASE 0 FREELISTS 1 FREELIST GROUPS 1 BUFFER_POOL DEFAULT FLASH_CACHE DEFAULT CELL_FLASH_CACHE DEFAULT)
  TABLESPACE "SYSTEM" ;
--------------------------------------------------------
--  DDL for Table CANDIDAT
--------------------------------------------------------

  CREATE TABLE "BCC"."CANDIDAT" 
   (	"ID_CD" NUMBER, 
	"CIN_CD" VARCHAR2(25 BYTE), 
	"NOM_CD" VARCHAR2(25 BYTE), 
	"PRENOM_CD" VARCHAR2(25 BYTE), 
	"SEXE_CD" VARCHAR2(25 BYTE), 
	"DN_CD" DATE, 
	"TEL_CD" VARCHAR2(25 BYTE), 
	"ORDRE_CD" NUMBER(10,0), 
	"PROFESSION_CD" VARCHAR2(25 BYTE), 
	"ID_LC" NUMBER(10,0)
   ) SEGMENT CREATION IMMEDIATE 
  PCTFREE 10 PCTUSED 40 INITRANS 1 MAXTRANS 255 NOCOMPRESS LOGGING
  STORAGE(INITIAL 65536 NEXT 1048576 MINEXTENTS 1 MAXEXTENTS 2147483645
  PCTINCREASE 0 FREELISTS 1 FREELIST GROUPS 1 BUFFER_POOL DEFAULT FLASH_CACHE DEFAULT CELL_FLASH_CACHE DEFAULT)
  TABLESPACE "SYSTEM" ;
--------------------------------------------------------
--  DDL for Table COMMUNE
--------------------------------------------------------

  CREATE TABLE "BCC"."COMMUNE" 
   (	"ID_COMN" NUMBER, 
	"NOM_COMN" VARCHAR2(25 BYTE), 
	"NBR_HABITANTS_COMN" NUMBER(10,0), 
	"ID_BCC" NUMBER(10,0), 
	"ID_RES" NUMBER(10,0)
   ) SEGMENT CREATION IMMEDIATE 
  PCTFREE 10 PCTUSED 40 INITRANS 1 MAXTRANS 255 NOCOMPRESS LOGGING
  STORAGE(INITIAL 65536 NEXT 1048576 MINEXTENTS 1 MAXEXTENTS 2147483645
  PCTINCREASE 0 FREELISTS 1 FREELIST GROUPS 1 BUFFER_POOL DEFAULT FLASH_CACHE DEFAULT CELL_FLASH_CACHE DEFAULT)
  TABLESPACE "SYSTEM" ;
--------------------------------------------------------
--  DDL for Table DELEGE
--------------------------------------------------------

  CREATE TABLE "BCC"."DELEGE" 
   (	"ID_DL" NUMBER, 
	"NOM_DL" VARCHAR2(25 BYTE), 
	"PRENOM_DL" VARCHAR2(25 BYTE), 
	"ID_BV" NUMBER(10,0), 
	"ID_LC" NUMBER(10,0), 
	"CIN_DL" VARCHAR2(40 BYTE)
   ) SEGMENT CREATION IMMEDIATE 
  PCTFREE 10 PCTUSED 40 INITRANS 1 MAXTRANS 255 NOCOMPRESS LOGGING
  STORAGE(INITIAL 65536 NEXT 1048576 MINEXTENTS 1 MAXEXTENTS 2147483645
  PCTINCREASE 0 FREELISTS 1 FREELIST GROUPS 1 BUFFER_POOL DEFAULT FLASH_CACHE DEFAULT CELL_FLASH_CACHE DEFAULT)
  TABLESPACE "SYSTEM" ;
--------------------------------------------------------
--  DDL for Table ELECTEUR
--------------------------------------------------------

  CREATE TABLE "BCC"."ELECTEUR" 
   (	"ID_EL" NUMBER, 
	"CIN_EL" VARCHAR2(25 BYTE), 
	"NOM_EL" VARCHAR2(25 BYTE), 
	"PRENOM_EL" VARCHAR2(25 BYTE), 
	"DN_EL" DATE, 
	"SEXE_EL" VARCHAR2(25 BYTE), 
	"EL_A_VOTE" NUMBER(1,0) DEFAULT 0, 
	"PROFESSION_EL" VARCHAR2(25 BYTE), 
	"ID_BV" NUMBER(10,0)
   ) SEGMENT CREATION IMMEDIATE 
  PCTFREE 10 PCTUSED 40 INITRANS 1 MAXTRANS 255 NOCOMPRESS LOGGING
  STORAGE(INITIAL 65536 NEXT 1048576 MINEXTENTS 1 MAXEXTENTS 2147483645
  PCTINCREASE 0 FREELISTS 1 FREELIST GROUPS 1 BUFFER_POOL DEFAULT FLASH_CACHE DEFAULT CELL_FLASH_CACHE DEFAULT)
  TABLESPACE "SYSTEM" ;
--------------------------------------------------------
--  DDL for Table LISTE_CONDIDATE
--------------------------------------------------------

  CREATE TABLE "BCC"."LISTE_CONDIDATE" 
   (	"ID_LC" NUMBER, 
	"PARTI_LC" VARCHAR2(25 BYTE), 
	"NBR_DEPUTE_LC" NUMBER(10,0), 
	"NBR_VOTES" NUMBER(10,0), 
	"ID_BCC" NUMBER(10,0), 
	"RESTE_LC" NUMBER(*,0)
   ) SEGMENT CREATION IMMEDIATE 
  PCTFREE 10 PCTUSED 40 INITRANS 1 MAXTRANS 255 NOCOMPRESS LOGGING
  STORAGE(INITIAL 65536 NEXT 1048576 MINEXTENTS 1 MAXEXTENTS 2147483645
  PCTINCREASE 0 FREELISTS 1 FREELIST GROUPS 1 BUFFER_POOL DEFAULT FLASH_CACHE DEFAULT CELL_FLASH_CACHE DEFAULT)
  TABLESPACE "SYSTEM" ;
--------------------------------------------------------
--  DDL for Table MEMBRE
--------------------------------------------------------

  CREATE TABLE "BCC"."MEMBRE" 
   (	"ID_MB" NUMBER, 
	"CIN_MB" VARCHAR2(25 BYTE), 
	"NOM_MB" VARCHAR2(25 BYTE), 
	"PRENOM_MB" VARCHAR2(25 BYTE), 
	"ROLE_MB" VARCHAR2(25 BYTE), 
	"TEL_MB" VARCHAR2(25 BYTE), 
	"ID_BV" NUMBER(10,0), 
	"LOGIN_MB" VARCHAR2(40 BYTE), 
	"PASSWORD_MB" VARCHAR2(40 BYTE)
   ) SEGMENT CREATION IMMEDIATE 
  PCTFREE 10 PCTUSED 40 INITRANS 1 MAXTRANS 255 NOCOMPRESS LOGGING
  STORAGE(INITIAL 65536 NEXT 1048576 MINEXTENTS 1 MAXEXTENTS 2147483645
  PCTINCREASE 0 FREELISTS 1 FREELIST GROUPS 1 BUFFER_POOL DEFAULT FLASH_CACHE DEFAULT CELL_FLASH_CACHE DEFAULT)
  TABLESPACE "SYSTEM" ;
--------------------------------------------------------
--  DDL for Table NOTE
--------------------------------------------------------

  CREATE TABLE "BCC"."NOTE" 
   (	"ID_NOTE" NUMBER, 
	"TYPE_NOTE" VARCHAR2(25 BYTE), 
	"INTITULE_NOTE" VARCHAR2(25 BYTE), 
	"ID_PV" NUMBER(10,0)
   ) SEGMENT CREATION IMMEDIATE 
  PCTFREE 10 PCTUSED 40 INITRANS 1 MAXTRANS 255 NOCOMPRESS LOGGING
  STORAGE(INITIAL 65536 NEXT 1048576 MINEXTENTS 1 MAXEXTENTS 2147483645
  PCTINCREASE 0 FREELISTS 1 FREELIST GROUPS 1 BUFFER_POOL DEFAULT FLASH_CACHE DEFAULT CELL_FLASH_CACHE DEFAULT)
  TABLESPACE "SYSTEM" ;
--------------------------------------------------------
--  DDL for Table PV
--------------------------------------------------------

  CREATE TABLE "BCC"."PV" 
   (	"ID_PV" NUMBER, 
	"NBR_VOTES_BV" NUMBER(10,0), 
	"SUFFRAGE_VALABLE_BV" NUMBER(10,0) DEFAULT 0, 
	"PV_EST_FINIS" NUMBER(1,0) DEFAULT 0, 
	"ID_BV" NUMBER(10,0)
   ) SEGMENT CREATION IMMEDIATE 
  PCTFREE 10 PCTUSED 40 INITRANS 1 MAXTRANS 255 NOCOMPRESS LOGGING
  STORAGE(INITIAL 65536 NEXT 1048576 MINEXTENTS 1 MAXEXTENTS 2147483645
  PCTINCREASE 0 FREELISTS 1 FREELIST GROUPS 1 BUFFER_POOL DEFAULT FLASH_CACHE DEFAULT CELL_FLASH_CACHE DEFAULT)
  TABLESPACE "SYSTEM" ;
--------------------------------------------------------
--  DDL for Table RESPONSABLECOMMUNE
--------------------------------------------------------

  CREATE TABLE "BCC"."RESPONSABLECOMMUNE" 
   (	"ID_RES" NUMBER, 
	"CIN_RES" VARCHAR2(25 BYTE), 
	"NOM_RES" VARCHAR2(25 BYTE), 
	"PRENOM_RES" VARCHAR2(25 BYTE), 
	"ID_COMN" NUMBER(10,0), 
	"LOGIN_RES" VARCHAR2(30 BYTE), 
	"PASSWORD_RES" VARCHAR2(30 BYTE)
   ) SEGMENT CREATION IMMEDIATE 
  PCTFREE 10 PCTUSED 40 INITRANS 1 MAXTRANS 255 NOCOMPRESS LOGGING
  STORAGE(INITIAL 65536 NEXT 1048576 MINEXTENTS 1 MAXEXTENTS 2147483645
  PCTINCREASE 0 FREELISTS 1 FREELIST GROUPS 1 BUFFER_POOL DEFAULT FLASH_CACHE DEFAULT CELL_FLASH_CACHE DEFAULT)
  TABLESPACE "SYSTEM" ;
--------------------------------------------------------
--  DDL for Table RESULTAT_LISTE_PAR_BV
--------------------------------------------------------

  CREATE TABLE "BCC"."RESULTAT_LISTE_PAR_BV" 
   (	"ID_RESULTAT" NUMBER, 
	"ID_PV" NUMBER, 
	"ID_LC" NUMBER, 
	"NBR_VOTES_VALABLES" NUMBER
   ) SEGMENT CREATION IMMEDIATE 
  PCTFREE 10 PCTUSED 40 INITRANS 1 MAXTRANS 255 NOCOMPRESS LOGGING
  STORAGE(INITIAL 65536 NEXT 1048576 MINEXTENTS 1 MAXEXTENTS 2147483645
  PCTINCREASE 0 FREELISTS 1 FREELIST GROUPS 1 BUFFER_POOL DEFAULT FLASH_CACHE DEFAULT CELL_FLASH_CACHE DEFAULT)
  TABLESPACE "SYSTEM" ;
--------------------------------------------------------
--  DDL for Table USERS
--------------------------------------------------------

  CREATE TABLE "BCC"."USERS" 
   (	"ID_USER" NUMBER, 
	"LOGIN" VARCHAR2(25 BYTE), 
	"PASSWORD" VARCHAR2(25 BYTE), 
	"ID_BCC" NUMBER
   ) SEGMENT CREATION IMMEDIATE 
  PCTFREE 10 PCTUSED 40 INITRANS 1 MAXTRANS 255 NOCOMPRESS LOGGING
  STORAGE(INITIAL 65536 NEXT 1048576 MINEXTENTS 1 MAXEXTENTS 2147483645
  PCTINCREASE 0 FREELISTS 1 FREELIST GROUPS 1 BUFFER_POOL DEFAULT FLASH_CACHE DEFAULT CELL_FLASH_CACHE DEFAULT)
  TABLESPACE "SYSTEM" ;
REM INSERTING into BCC.BCC
SET DEFINE OFF;
Insert into BCC.BCC (ID_BCC,ADRESSE_BCC,NOM_CIRCONSCRIPTION) values (1,'Ici','Settat');
Insert into BCC.BCC (ID_BCC,ADRESSE_BCC,NOM_CIRCONSCRIPTION) values (2,'Non ICi','Beni Mellal');
Insert into BCC.BCC (ID_BCC,ADRESSE_BCC,NOM_CIRCONSCRIPTION) values (3,'RABAT','HAY RYAD');
REM INSERTING into BCC.BV
SET DEFINE OFF;
Insert into BCC.BV (ID_BV,NOM_BV,ADRESSE_BV,ID_COMN,ID_PV) values (1,'BV_1','aaaaa',1,null);
Insert into BCC.BV (ID_BV,NOM_BV,ADRESSE_BV,ID_COMN,ID_PV) values (2,'BV_2
','bbbbb',1,null);
Insert into BCC.BV (ID_BV,NOM_BV,ADRESSE_BV,ID_COMN,ID_PV) values (3,'BV_3','cccccc',2,null);
Insert into BCC.BV (ID_BV,NOM_BV,ADRESSE_BV,ID_COMN,ID_PV) values (4,'ddz','zedez',1,null);
Insert into BCC.BV (ID_BV,NOM_BV,ADRESSE_BV,ID_COMN,ID_PV) values (5,'IDDDZD','saasasa',1,null);
Insert into BCC.BV (ID_BV,NOM_BV,ADRESSE_BV,ID_COMN,ID_PV) values (6,'LJAADIIID','LJADIIIIIIIIIID',null,null);
Insert into BCC.BV (ID_BV,NOM_BV,ADRESSE_BV,ID_COMN,ID_PV) values (7,'zazzaza','zaza',19,null);
Insert into BCC.BV (ID_BV,NOM_BV,ADRESSE_BV,ID_COMN,ID_PV) values (8,'xxxx','xxxx',2,null);
Insert into BCC.BV (ID_BV,NOM_BV,ADRESSE_BV,ID_COMN,ID_PV) values (9,'rrrrrrrr','rrrrrr',2,null);
Insert into BCC.BV (ID_BV,NOM_BV,ADRESSE_BV,ID_COMN,ID_PV) values (10,'vvvvvvvvv','vvvvvvvvvvv',2,null);
Insert into BCC.BV (ID_BV,NOM_BV,ADRESSE_BV,ID_COMN,ID_PV) values (11,'SIDI RAHAL','hda CHATIII',2,null);
Insert into BCC.BV (ID_BV,NOM_BV,ADRESSE_BV,ID_COMN,ID_PV) values (13,'HHHHHHHHHHH','HHHHHHHHHHHH',2,null);
REM INSERTING into BCC.CANDIDAT
SET DEFINE OFF;
Insert into BCC.CANDIDAT (ID_CD,CIN_CD,NOM_CD,PRENOM_CD,SEXE_CD,DN_CD,TEL_CD,ORDRE_CD,PROFESSION_CD,ID_LC) values (24,null,null,null,'FEMME',null,null,null,null,1);
Insert into BCC.CANDIDAT (ID_CD,CIN_CD,NOM_CD,PRENOM_CD,SEXE_CD,DN_CD,TEL_CD,ORDRE_CD,PROFESSION_CD,ID_LC) values (25,'sasa',null,null,'FEMME',null,'s',null,'asasas',3);
Insert into BCC.CANDIDAT (ID_CD,CIN_CD,NOM_CD,PRENOM_CD,SEXE_CD,DN_CD,TEL_CD,ORDRE_CD,PROFESSION_CD,ID_LC) values (14,null,null,null,null,null,null,null,null,null);
Insert into BCC.CANDIDAT (ID_CD,CIN_CD,NOM_CD,PRENOM_CD,SEXE_CD,DN_CD,TEL_CD,ORDRE_CD,PROFESSION_CD,ID_LC) values (20,null,null,null,null,null,null,null,null,2);
Insert into BCC.CANDIDAT (ID_CD,CIN_CD,NOM_CD,PRENOM_CD,SEXE_CD,DN_CD,TEL_CD,ORDRE_CD,PROFESSION_CD,ID_LC) values (21,null,null,null,null,null,null,null,null,1);
Insert into BCC.CANDIDAT (ID_CD,CIN_CD,NOM_CD,PRENOM_CD,SEXE_CD,DN_CD,TEL_CD,ORDRE_CD,PROFESSION_CD,ID_LC) values (22,'QQ','QAs','szdda','dzdz',to_date('04-05-15','DD-MM-RR'),'zddz',1,'dzdz',1);
Insert into BCC.CANDIDAT (ID_CD,CIN_CD,NOM_CD,PRENOM_CD,SEXE_CD,DN_CD,TEL_CD,ORDRE_CD,PROFESSION_CD,ID_LC) values (23,'QA156204','GHANOUC','ISSAM','FEMME',to_date('04-01-91','DD-MM-RR'),'0523',2,'Ingenieur',2);
REM INSERTING into BCC.COMMUNE
SET DEFINE OFF;
Insert into BCC.COMMUNE (ID_COMN,NOM_COMN,NBR_HABITANTS_COMN,ID_BCC,ID_RES) values (1,'OUEDZE',1155,1,null);
Insert into BCC.COMMUNE (ID_COMN,NOM_COMN,NBR_HABITANTS_COMN,ID_BCC,ID_RES) values (2,'Khouribga',10000,1,null);
Insert into BCC.COMMUNE (ID_COMN,NOM_COMN,NBR_HABITANTS_COMN,ID_BCC,ID_RES) values (34,'BIR MAZWI',15000,1,21);
Insert into BCC.COMMUNE (ID_COMN,NOM_COMN,NBR_HABITANTS_COMN,ID_BCC,ID_RES) values (35,'Beni mellal',10000,1,22);
Insert into BCC.COMMUNE (ID_COMN,NOM_COMN,NBR_HABITANTS_COMN,ID_BCC,ID_RES) values (17,'SMA3LA',12000,null,2);
Insert into BCC.COMMUNE (ID_COMN,NOM_COMN,NBR_HABITANTS_COMN,ID_BCC,ID_RES) values (19,'iiii',null,1,2);
Insert into BCC.COMMUNE (ID_COMN,NOM_COMN,NBR_HABITANTS_COMN,ID_BCC,ID_RES) values (54,'KENITRA',200000,1,41);
Insert into BCC.COMMUNE (ID_COMN,NOM_COMN,NBR_HABITANTS_COMN,ID_BCC,ID_RES) values (55,'qaqa',10100,1,42);
Insert into BCC.COMMUNE (ID_COMN,NOM_COMN,NBR_HABITANTS_COMN,ID_BCC,ID_RES) values (56,'GHNN',10000,1,43);
Insert into BCC.COMMUNE (ID_COMN,NOM_COMN,NBR_HABITANTS_COMN,ID_BCC,ID_RES) values (57,'a',10,1,44);
Insert into BCC.COMMUNE (ID_COMN,NOM_COMN,NBR_HABITANTS_COMN,ID_BCC,ID_RES) values (58,'sasas',1010,1,45);
Insert into BCC.COMMUNE (ID_COMN,NOM_COMN,NBR_HABITANTS_COMN,ID_BCC,ID_RES) values (59,'sasas',100,1,46);
Insert into BCC.COMMUNE (ID_COMN,NOM_COMN,NBR_HABITANTS_COMN,ID_BCC,ID_RES) values (60,'qa',1010,1,47);
Insert into BCC.COMMUNE (ID_COMN,NOM_COMN,NBR_HABITANTS_COMN,ID_BCC,ID_RES) values (61,'ssaas',1400,1,48);
Insert into BCC.COMMUNE (ID_COMN,NOM_COMN,NBR_HABITANTS_COMN,ID_BCC,ID_RES) values (62,'sasa',100,1,49);
Insert into BCC.COMMUNE (ID_COMN,NOM_COMN,NBR_HABITANTS_COMN,ID_BCC,ID_RES) values (63,'asas',1000,1,50);
REM INSERTING into BCC.DELEGE
SET DEFINE OFF;
Insert into BCC.DELEGE (ID_DL,NOM_DL,PRENOM_DL,ID_BV,ID_LC,CIN_DL) values (2,'jj','jj',3,2,'jj');
Insert into BCC.DELEGE (ID_DL,NOM_DL,PRENOM_DL,ID_BV,ID_LC,CIN_DL) values (3,'QQQ','QQQQ',2,2,'QQQQ');
Insert into BCC.DELEGE (ID_DL,NOM_DL,PRENOM_DL,ID_BV,ID_LC,CIN_DL) values (4,'QQQ','QQQQ',1,1,'QQQQ');
Insert into BCC.DELEGE (ID_DL,NOM_DL,PRENOM_DL,ID_BV,ID_LC,CIN_DL) values (5,'sassas','sas',3,4,'sasas');
REM INSERTING into BCC.ELECTEUR
SET DEFINE OFF;
Insert into BCC.ELECTEUR (ID_EL,CIN_EL,NOM_EL,PRENOM_EL,DN_EL,SEXE_EL,EL_A_VOTE,PROFESSION_EL,ID_BV) values (31,'QA156204','ghanoch','issam',to_date('04-12-91','DD-MM-RR'),'HOMME',1,'ingenieur',2);
Insert into BCC.ELECTEUR (ID_EL,CIN_EL,NOM_EL,PRENOM_EL,DN_EL,SEXE_EL,EL_A_VOTE,PROFESSION_EL,ID_BV) values (32,'YYYY','ABBAS','HAMZA',to_date('05-04-15','DD-MM-RR'),'HOMME',1,'Igenieur',2);
Insert into BCC.ELECTEUR (ID_EL,CIN_EL,NOM_EL,PRENOM_EL,DN_EL,SEXE_EL,EL_A_VOTE,PROFESSION_EL,ID_BV) values (33,'YYYY','ABBAS','HAMZA',to_date('05-04-15','DD-MM-RR'),'HOMME',1,'Igenieur',2);
Insert into BCC.ELECTEUR (ID_EL,CIN_EL,NOM_EL,PRENOM_EL,DN_EL,SEXE_EL,EL_A_VOTE,PROFESSION_EL,ID_BV) values (34,'YYYY','ABBAS','HAMZA',to_date('05-04-15','DD-MM-RR'),'HOMME',1,'Igenieur',2);
Insert into BCC.ELECTEUR (ID_EL,CIN_EL,NOM_EL,PRENOM_EL,DN_EL,SEXE_EL,EL_A_VOTE,PROFESSION_EL,ID_BV) values (35,'YYYY','ABBAS','HAMZA',to_date('05-04-15','DD-MM-RR'),'HOMME',1,'Igenieur',2);
Insert into BCC.ELECTEUR (ID_EL,CIN_EL,NOM_EL,PRENOM_EL,DN_EL,SEXE_EL,EL_A_VOTE,PROFESSION_EL,ID_BV) values (36,'YYYY','ABBAS','HAMZA',to_date('05-04-15','DD-MM-RR'),'HOMME',1,'Igenieur',2);
Insert into BCC.ELECTEUR (ID_EL,CIN_EL,NOM_EL,PRENOM_EL,DN_EL,SEXE_EL,EL_A_VOTE,PROFESSION_EL,ID_BV) values (37,'YYYY','ABBAS','HAMZA',to_date('05-04-15','DD-MM-RR'),'HOMME',1,'Igenieur',2);
Insert into BCC.ELECTEUR (ID_EL,CIN_EL,NOM_EL,PRENOM_EL,DN_EL,SEXE_EL,EL_A_VOTE,PROFESSION_EL,ID_BV) values (28,'QAB','QA','QA',null,'HOMME',1,'QA',2);
Insert into BCC.ELECTEUR (ID_EL,CIN_EL,NOM_EL,PRENOM_EL,DN_EL,SEXE_EL,EL_A_VOTE,PROFESSION_EL,ID_BV) values (29,'QA1562','GHANOUC','ISSAM',to_date('05-05-15','DD-MM-RR'),'HOMME',1,'PAPA',1);
Insert into BCC.ELECTEUR (ID_EL,CIN_EL,NOM_EL,PRENOM_EL,DN_EL,SEXE_EL,EL_A_VOTE,PROFESSION_EL,ID_BV) values (38,'YYYY','ABBAS','HAMZA',to_date('05-04-15','DD-MM-RR'),'HOMME',1,'Igenieur',1);
Insert into BCC.ELECTEUR (ID_EL,CIN_EL,NOM_EL,PRENOM_EL,DN_EL,SEXE_EL,EL_A_VOTE,PROFESSION_EL,ID_BV) values (39,'YYYY','ABBAS','HAMZA',to_date('05-04-15','DD-MM-RR'),'HOMME',1,'Igenieur',1);
Insert into BCC.ELECTEUR (ID_EL,CIN_EL,NOM_EL,PRENOM_EL,DN_EL,SEXE_EL,EL_A_VOTE,PROFESSION_EL,ID_BV) values (40,'QA','jjjj','jjjj',to_date('05-05-15','DD-MM-RR'),'HOMME',1,'PROD',3);
Insert into BCC.ELECTEUR (ID_EL,CIN_EL,NOM_EL,PRENOM_EL,DN_EL,SEXE_EL,EL_A_VOTE,PROFESSION_EL,ID_BV) values (41,'qaqaqaq',null,null,null,null,0,null,11);
REM INSERTING into BCC.LISTE_CONDIDATE
SET DEFINE OFF;
Insert into BCC.LISTE_CONDIDATE (ID_LC,PARTI_LC,NBR_DEPUTE_LC,NBR_VOTES,ID_BCC,RESTE_LC) values (1,'PJD',null,null,1,null);
Insert into BCC.LISTE_CONDIDATE (ID_LC,PARTI_LC,NBR_DEPUTE_LC,NBR_VOTES,ID_BCC,RESTE_LC) values (2,'PAM',2,6,1,5);
Insert into BCC.LISTE_CONDIDATE (ID_LC,PARTI_LC,NBR_DEPUTE_LC,NBR_VOTES,ID_BCC,RESTE_LC) values (3,'hhh',null,null,2,null);
Insert into BCC.LISTE_CONDIDATE (ID_LC,PARTI_LC,NBR_DEPUTE_LC,NBR_VOTES,ID_BCC,RESTE_LC) values (4,'SDSDS',3,3,1,null);
Insert into BCC.LISTE_CONDIDATE (ID_LC,PARTI_LC,NBR_DEPUTE_LC,NBR_VOTES,ID_BCC,RESTE_LC) values (5,'NVPJD',null,null,2,null);
Insert into BCC.LISTE_CONDIDATE (ID_LC,PARTI_LC,NBR_DEPUTE_LC,NBR_VOTES,ID_BCC,RESTE_LC) values (20,'JADID',null,null,1,null);
Insert into BCC.LISTE_CONDIDATE (ID_LC,PARTI_LC,NBR_DEPUTE_LC,NBR_VOTES,ID_BCC,RESTE_LC) values (21,'PARTI_1',null,null,1,null);
REM INSERTING into BCC.MEMBRE
SET DEFINE OFF;
Insert into BCC.MEMBRE (ID_MB,CIN_MB,NOM_MB,PRENOM_MB,ROLE_MB,TEL_MB,ID_BV,LOGIN_MB,PASSWORD_MB) values (25,'GH','HHK','Issam','LIST20','5235',1,null,null);
Insert into BCC.MEMBRE (ID_MB,CIN_MB,NOM_MB,PRENOM_MB,ROLE_MB,TEL_MB,ID_BV,LOGIN_MB,PASSWORD_MB) values (26,'QA15','GHANO','ISSAM','Membre 2','603',3,'login','passwd');
Insert into BCC.MEMBRE (ID_MB,CIN_MB,NOM_MB,PRENOM_MB,ROLE_MB,TEL_MB,ID_BV,LOGIN_MB,PASSWORD_MB) values (27,null,null,null,null,null,2,'r','r');
Insert into BCC.MEMBRE (ID_MB,CIN_MB,NOM_MB,PRENOM_MB,ROLE_MB,TEL_MB,ID_BV,LOGIN_MB,PASSWORD_MB) values (41,'qaqa',null,'sasa',null,null,9,null,null);
REM INSERTING into BCC.NOTE
SET DEFINE OFF;
Insert into BCC.NOTE (ID_NOTE,TYPE_NOTE,INTITULE_NOTE,ID_PV) values (4,'Observation','BBB',1);
Insert into BCC.NOTE (ID_NOTE,TYPE_NOTE,INTITULE_NOTE,ID_PV) values (2,'Observation','flan ban flan',1);
Insert into BCC.NOTE (ID_NOTE,TYPE_NOTE,INTITULE_NOTE,ID_PV) values (3,'Irrégularité','AAA',1);
REM INSERTING into BCC.PV
SET DEFINE OFF;
Insert into BCC.PV (ID_PV,NBR_VOTES_BV,SUFFRAGE_VALABLE_BV,PV_EST_FINIS,ID_BV) values (1,5,4,0,2);
Insert into BCC.PV (ID_PV,NBR_VOTES_BV,SUFFRAGE_VALABLE_BV,PV_EST_FINIS,ID_BV) values (2,null,null,0,3);
Insert into BCC.PV (ID_PV,NBR_VOTES_BV,SUFFRAGE_VALABLE_BV,PV_EST_FINIS,ID_BV) values (3,null,0,1,4);
Insert into BCC.PV (ID_PV,NBR_VOTES_BV,SUFFRAGE_VALABLE_BV,PV_EST_FINIS,ID_BV) values (4,null,0,1,5);
REM INSERTING into BCC.RESPONSABLECOMMUNE
SET DEFINE OFF;
Insert into BCC.RESPONSABLECOMMUNE (ID_RES,CIN_RES,NOM_RES,PRENOM_RES,ID_COMN,LOGIN_RES,PASSWORD_RES) values (15,null,null,null,null,null,null);
Insert into BCC.RESPONSABLECOMMUNE (ID_RES,CIN_RES,NOM_RES,PRENOM_RES,ID_COMN,LOGIN_RES,PASSWORD_RES) values (16,null,null,null,null,null,null);
Insert into BCC.RESPONSABLECOMMUNE (ID_RES,CIN_RES,NOM_RES,PRENOM_RES,ID_COMN,LOGIN_RES,PASSWORD_RES) values (17,'QA156204','GHANOUCH','ISSAM',1,'issam','issam');
Insert into BCC.RESPONSABLECOMMUNE (ID_RES,CIN_RES,NOM_RES,PRENOM_RES,ID_COMN,LOGIN_RES,PASSWORD_RES) values (19,null,'ISSAM',null,2,'i','i');
Insert into BCC.RESPONSABLECOMMUNE (ID_RES,CIN_RES,NOM_RES,PRENOM_RES,ID_COMN,LOGIN_RES,PASSWORD_RES) values (20,'qaqa','qaqa','qaaq',1,'issam','issam');
Insert into BCC.RESPONSABLECOMMUNE (ID_RES,CIN_RES,NOM_RES,PRENOM_RES,ID_COMN,LOGIN_RES,PASSWORD_RES) values (41,'QA156204','SIGHAN','Issam',54,'t','t');
Insert into BCC.RESPONSABLECOMMUNE (ID_RES,CIN_RES,NOM_RES,PRENOM_RES,ID_COMN,LOGIN_RES,PASSWORD_RES) values (21,'aa','aa',null,34,null,null);
Insert into BCC.RESPONSABLECOMMUNE (ID_RES,CIN_RES,NOM_RES,PRENOM_RES,ID_COMN,LOGIN_RES,PASSWORD_RES) values (22,'QA',null,null,35,null,null);
Insert into BCC.RESPONSABLECOMMUNE (ID_RES,CIN_RES,NOM_RES,PRENOM_RES,ID_COMN,LOGIN_RES,PASSWORD_RES) values (42,null,null,null,55,null,null);
Insert into BCC.RESPONSABLECOMMUNE (ID_RES,CIN_RES,NOM_RES,PRENOM_RES,ID_COMN,LOGIN_RES,PASSWORD_RES) values (43,'QA','GHA','GH',56,'o','o');
Insert into BCC.RESPONSABLECOMMUNE (ID_RES,CIN_RES,NOM_RES,PRENOM_RES,ID_COMN,LOGIN_RES,PASSWORD_RES) values (44,'A','a','a',57,'fff','fff');
Insert into BCC.RESPONSABLECOMMUNE (ID_RES,CIN_RES,NOM_RES,PRENOM_RES,ID_COMN,LOGIN_RES,PASSWORD_RES) values (45,null,null,null,58,null,null);
Insert into BCC.RESPONSABLECOMMUNE (ID_RES,CIN_RES,NOM_RES,PRENOM_RES,ID_COMN,LOGIN_RES,PASSWORD_RES) values (46,'asasas','sasa','sas',59,'sasa','sasa');
Insert into BCC.RESPONSABLECOMMUNE (ID_RES,CIN_RES,NOM_RES,PRENOM_RES,ID_COMN,LOGIN_RES,PASSWORD_RES) values (47,'qaqa','qaqaqa','qaqa',60,'qaqaq','qaqa');
Insert into BCC.RESPONSABLECOMMUNE (ID_RES,CIN_RES,NOM_RES,PRENOM_RES,ID_COMN,LOGIN_RES,PASSWORD_RES) values (48,'dzdz','dzdz','zddzdz',61,'zdzd','zzdzd');
Insert into BCC.RESPONSABLECOMMUNE (ID_RES,CIN_RES,NOM_RES,PRENOM_RES,ID_COMN,LOGIN_RES,PASSWORD_RES) values (49,'zdz','dzd','dzdz',62,'zdzdz','dzzd');
Insert into BCC.RESPONSABLECOMMUNE (ID_RES,CIN_RES,NOM_RES,PRENOM_RES,ID_COMN,LOGIN_RES,PASSWORD_RES) values (50,'sasa','sasasas','sasa',63,'sasas','sasasa');
REM INSERTING into BCC.RESULTAT_LISTE_PAR_BV
SET DEFINE OFF;
Insert into BCC.RESULTAT_LISTE_PAR_BV (ID_RESULTAT,ID_PV,ID_LC,NBR_VOTES_VALABLES) values (18,1,2,2);
Insert into BCC.RESULTAT_LISTE_PAR_BV (ID_RESULTAT,ID_PV,ID_LC,NBR_VOTES_VALABLES) values (19,1,4,3);
Insert into BCC.RESULTAT_LISTE_PAR_BV (ID_RESULTAT,ID_PV,ID_LC,NBR_VOTES_VALABLES) values (20,1,3,8);
Insert into BCC.RESULTAT_LISTE_PAR_BV (ID_RESULTAT,ID_PV,ID_LC,NBR_VOTES_VALABLES) values (21,5,2,4);
REM INSERTING into BCC.USERS
SET DEFINE OFF;
Insert into BCC.USERS (ID_USER,LOGIN,PASSWORD,ID_BCC) values (1,'ROOT','ROOT',1);
Insert into BCC.USERS (ID_USER,LOGIN,PASSWORD,ID_BCC) values (2,'issam','issam',2);
Insert into BCC.USERS (ID_USER,LOGIN,PASSWORD,ID_BCC) values (3,'test','test',3);
--------------------------------------------------------
--  DDL for Index PV_PK
--------------------------------------------------------

  CREATE UNIQUE INDEX "BCC"."PV_PK" ON "BCC"."PV" ("ID_PV") 
  PCTFREE 10 INITRANS 2 MAXTRANS 255 COMPUTE STATISTICS 
  STORAGE(INITIAL 65536 NEXT 1048576 MINEXTENTS 1 MAXEXTENTS 2147483645
  PCTINCREASE 0 FREELISTS 1 FREELIST GROUPS 1 BUFFER_POOL DEFAULT FLASH_CACHE DEFAULT CELL_FLASH_CACHE DEFAULT)
  TABLESPACE "SYSTEM" ;
--------------------------------------------------------
--  DDL for Index CANDIDAT_PK
--------------------------------------------------------

  CREATE UNIQUE INDEX "BCC"."CANDIDAT_PK" ON "BCC"."CANDIDAT" ("ID_CD") 
  PCTFREE 10 INITRANS 2 MAXTRANS 255 COMPUTE STATISTICS 
  STORAGE(INITIAL 65536 NEXT 1048576 MINEXTENTS 1 MAXEXTENTS 2147483645
  PCTINCREASE 0 FREELISTS 1 FREELIST GROUPS 1 BUFFER_POOL DEFAULT FLASH_CACHE DEFAULT CELL_FLASH_CACHE DEFAULT)
  TABLESPACE "SYSTEM" ;
--------------------------------------------------------
--  DDL for Index MEMBRE_PK
--------------------------------------------------------

  CREATE UNIQUE INDEX "BCC"."MEMBRE_PK" ON "BCC"."MEMBRE" ("ID_MB") 
  PCTFREE 10 INITRANS 2 MAXTRANS 255 COMPUTE STATISTICS 
  STORAGE(INITIAL 65536 NEXT 1048576 MINEXTENTS 1 MAXEXTENTS 2147483645
  PCTINCREASE 0 FREELISTS 1 FREELIST GROUPS 1 BUFFER_POOL DEFAULT FLASH_CACHE DEFAULT CELL_FLASH_CACHE DEFAULT)
  TABLESPACE "SYSTEM" ;
--------------------------------------------------------
--  DDL for Index USERS_PK
--------------------------------------------------------

  CREATE UNIQUE INDEX "BCC"."USERS_PK" ON "BCC"."USERS" ("ID_USER") 
  PCTFREE 10 INITRANS 2 MAXTRANS 255 COMPUTE STATISTICS 
  STORAGE(INITIAL 65536 NEXT 1048576 MINEXTENTS 1 MAXEXTENTS 2147483645
  PCTINCREASE 0 FREELISTS 1 FREELIST GROUPS 1 BUFFER_POOL DEFAULT FLASH_CACHE DEFAULT CELL_FLASH_CACHE DEFAULT)
  TABLESPACE "SYSTEM" ;
--------------------------------------------------------
--  DDL for Index RESPONSABLECOMMUNE_PK
--------------------------------------------------------

  CREATE UNIQUE INDEX "BCC"."RESPONSABLECOMMUNE_PK" ON "BCC"."RESPONSABLECOMMUNE" ("ID_RES") 
  PCTFREE 10 INITRANS 2 MAXTRANS 255 COMPUTE STATISTICS 
  STORAGE(INITIAL 65536 NEXT 1048576 MINEXTENTS 1 MAXEXTENTS 2147483645
  PCTINCREASE 0 FREELISTS 1 FREELIST GROUPS 1 BUFFER_POOL DEFAULT FLASH_CACHE DEFAULT CELL_FLASH_CACHE DEFAULT)
  TABLESPACE "SYSTEM" ;
--------------------------------------------------------
--  DDL for Index LISTE_CONDIDATE_PK
--------------------------------------------------------

  CREATE UNIQUE INDEX "BCC"."LISTE_CONDIDATE_PK" ON "BCC"."LISTE_CONDIDATE" ("ID_LC") 
  PCTFREE 10 INITRANS 2 MAXTRANS 255 COMPUTE STATISTICS 
  STORAGE(INITIAL 65536 NEXT 1048576 MINEXTENTS 1 MAXEXTENTS 2147483645
  PCTINCREASE 0 FREELISTS 1 FREELIST GROUPS 1 BUFFER_POOL DEFAULT FLASH_CACHE DEFAULT CELL_FLASH_CACHE DEFAULT)
  TABLESPACE "SYSTEM" ;
--------------------------------------------------------
--  DDL for Index DELEGE_PK
--------------------------------------------------------

  CREATE UNIQUE INDEX "BCC"."DELEGE_PK" ON "BCC"."DELEGE" ("ID_DL") 
  PCTFREE 10 INITRANS 2 MAXTRANS 255 COMPUTE STATISTICS 
  STORAGE(INITIAL 65536 NEXT 1048576 MINEXTENTS 1 MAXEXTENTS 2147483645
  PCTINCREASE 0 FREELISTS 1 FREELIST GROUPS 1 BUFFER_POOL DEFAULT FLASH_CACHE DEFAULT CELL_FLASH_CACHE DEFAULT)
  TABLESPACE "SYSTEM" ;
--------------------------------------------------------
--  DDL for Index NOTE_PK
--------------------------------------------------------

  CREATE UNIQUE INDEX "BCC"."NOTE_PK" ON "BCC"."NOTE" ("ID_NOTE") 
  PCTFREE 10 INITRANS 2 MAXTRANS 255 COMPUTE STATISTICS 
  STORAGE(INITIAL 65536 NEXT 1048576 MINEXTENTS 1 MAXEXTENTS 2147483645
  PCTINCREASE 0 FREELISTS 1 FREELIST GROUPS 1 BUFFER_POOL DEFAULT FLASH_CACHE DEFAULT CELL_FLASH_CACHE DEFAULT)
  TABLESPACE "SYSTEM" ;
--------------------------------------------------------
--  DDL for Index ELECTEUR_PK
--------------------------------------------------------

  CREATE UNIQUE INDEX "BCC"."ELECTEUR_PK" ON "BCC"."ELECTEUR" ("ID_EL") 
  PCTFREE 10 INITRANS 2 MAXTRANS 255 COMPUTE STATISTICS 
  STORAGE(INITIAL 65536 NEXT 1048576 MINEXTENTS 1 MAXEXTENTS 2147483645
  PCTINCREASE 0 FREELISTS 1 FREELIST GROUPS 1 BUFFER_POOL DEFAULT FLASH_CACHE DEFAULT CELL_FLASH_CACHE DEFAULT)
  TABLESPACE "SYSTEM" ;
--------------------------------------------------------
--  DDL for Index COMMUNE_PK
--------------------------------------------------------

  CREATE UNIQUE INDEX "BCC"."COMMUNE_PK" ON "BCC"."COMMUNE" ("ID_COMN") 
  PCTFREE 10 INITRANS 2 MAXTRANS 255 COMPUTE STATISTICS 
  STORAGE(INITIAL 65536 NEXT 1048576 MINEXTENTS 1 MAXEXTENTS 2147483645
  PCTINCREASE 0 FREELISTS 1 FREELIST GROUPS 1 BUFFER_POOL DEFAULT FLASH_CACHE DEFAULT CELL_FLASH_CACHE DEFAULT)
  TABLESPACE "SYSTEM" ;
--------------------------------------------------------
--  DDL for Index BV_PK
--------------------------------------------------------

  CREATE UNIQUE INDEX "BCC"."BV_PK" ON "BCC"."BV" ("ID_BV") 
  PCTFREE 10 INITRANS 2 MAXTRANS 255 COMPUTE STATISTICS 
  STORAGE(INITIAL 65536 NEXT 1048576 MINEXTENTS 1 MAXEXTENTS 2147483645
  PCTINCREASE 0 FREELISTS 1 FREELIST GROUPS 1 BUFFER_POOL DEFAULT FLASH_CACHE DEFAULT CELL_FLASH_CACHE DEFAULT)
  TABLESPACE "SYSTEM" ;
--------------------------------------------------------
--  DDL for Index BCC_PK
--------------------------------------------------------

  CREATE UNIQUE INDEX "BCC"."BCC_PK" ON "BCC"."BCC" ("ID_BCC") 
  PCTFREE 10 INITRANS 2 MAXTRANS 255 COMPUTE STATISTICS 
  STORAGE(INITIAL 65536 NEXT 1048576 MINEXTENTS 1 MAXEXTENTS 2147483645
  PCTINCREASE 0 FREELISTS 1 FREELIST GROUPS 1 BUFFER_POOL DEFAULT FLASH_CACHE DEFAULT CELL_FLASH_CACHE DEFAULT)
  TABLESPACE "SYSTEM" ;
--------------------------------------------------------
--  Constraints for Table ELECTEUR
--------------------------------------------------------

  ALTER TABLE "BCC"."ELECTEUR" ADD CONSTRAINT "ELECTEUR_PK" PRIMARY KEY ("ID_EL")
  USING INDEX PCTFREE 10 INITRANS 2 MAXTRANS 255 COMPUTE STATISTICS 
  STORAGE(INITIAL 65536 NEXT 1048576 MINEXTENTS 1 MAXEXTENTS 2147483645
  PCTINCREASE 0 FREELISTS 1 FREELIST GROUPS 1 BUFFER_POOL DEFAULT FLASH_CACHE DEFAULT CELL_FLASH_CACHE DEFAULT)
  TABLESPACE "SYSTEM"  ENABLE;
  ALTER TABLE "BCC"."ELECTEUR" ADD CONSTRAINT "CHK_BOOLEAN_EL_A_VOTE" CHECK (EL_A_Vote IN (0,1)) ENABLE;
  ALTER TABLE "BCC"."ELECTEUR" MODIFY ("ID_EL" NOT NULL ENABLE);
--------------------------------------------------------
--  Constraints for Table USERS
--------------------------------------------------------

  ALTER TABLE "BCC"."USERS" ADD CONSTRAINT "USERS_PK" PRIMARY KEY ("ID_USER")
  USING INDEX PCTFREE 10 INITRANS 2 MAXTRANS 255 COMPUTE STATISTICS 
  STORAGE(INITIAL 65536 NEXT 1048576 MINEXTENTS 1 MAXEXTENTS 2147483645
  PCTINCREASE 0 FREELISTS 1 FREELIST GROUPS 1 BUFFER_POOL DEFAULT FLASH_CACHE DEFAULT CELL_FLASH_CACHE DEFAULT)
  TABLESPACE "SYSTEM"  ENABLE;
  ALTER TABLE "BCC"."USERS" MODIFY ("ID_USER" NOT NULL ENABLE);
--------------------------------------------------------
--  Constraints for Table PV
--------------------------------------------------------

  ALTER TABLE "BCC"."PV" ADD CONSTRAINT "PV_PK" PRIMARY KEY ("ID_PV")
  USING INDEX PCTFREE 10 INITRANS 2 MAXTRANS 255 COMPUTE STATISTICS 
  STORAGE(INITIAL 65536 NEXT 1048576 MINEXTENTS 1 MAXEXTENTS 2147483645
  PCTINCREASE 0 FREELISTS 1 FREELIST GROUPS 1 BUFFER_POOL DEFAULT FLASH_CACHE DEFAULT CELL_FLASH_CACHE DEFAULT)
  TABLESPACE "SYSTEM"  ENABLE;
  ALTER TABLE "BCC"."PV" ADD CONSTRAINT "CHK_BOOLEAN_PV_EST_FINIS" CHECK (PV_Est_Finis IN (0,1)) ENABLE;
  ALTER TABLE "BCC"."PV" MODIFY ("ID_PV" NOT NULL ENABLE);
--------------------------------------------------------
--  Constraints for Table LISTE_CONDIDATE
--------------------------------------------------------

  ALTER TABLE "BCC"."LISTE_CONDIDATE" ADD CONSTRAINT "LISTE_CONDIDATE_PK" PRIMARY KEY ("ID_LC")
  USING INDEX PCTFREE 10 INITRANS 2 MAXTRANS 255 COMPUTE STATISTICS 
  STORAGE(INITIAL 65536 NEXT 1048576 MINEXTENTS 1 MAXEXTENTS 2147483645
  PCTINCREASE 0 FREELISTS 1 FREELIST GROUPS 1 BUFFER_POOL DEFAULT FLASH_CACHE DEFAULT CELL_FLASH_CACHE DEFAULT)
  TABLESPACE "SYSTEM"  ENABLE;
  ALTER TABLE "BCC"."LISTE_CONDIDATE" MODIFY ("ID_LC" NOT NULL ENABLE);
--------------------------------------------------------
--  Constraints for Table DELEGE
--------------------------------------------------------

  ALTER TABLE "BCC"."DELEGE" ADD CONSTRAINT "DELEGE_PK" PRIMARY KEY ("ID_DL")
  USING INDEX PCTFREE 10 INITRANS 2 MAXTRANS 255 COMPUTE STATISTICS 
  STORAGE(INITIAL 65536 NEXT 1048576 MINEXTENTS 1 MAXEXTENTS 2147483645
  PCTINCREASE 0 FREELISTS 1 FREELIST GROUPS 1 BUFFER_POOL DEFAULT FLASH_CACHE DEFAULT CELL_FLASH_CACHE DEFAULT)
  TABLESPACE "SYSTEM"  ENABLE;
  ALTER TABLE "BCC"."DELEGE" MODIFY ("ID_DL" NOT NULL ENABLE);
--------------------------------------------------------
--  Constraints for Table BV
--------------------------------------------------------

  ALTER TABLE "BCC"."BV" ADD CONSTRAINT "BV_PK" PRIMARY KEY ("ID_BV")
  USING INDEX PCTFREE 10 INITRANS 2 MAXTRANS 255 COMPUTE STATISTICS 
  STORAGE(INITIAL 65536 NEXT 1048576 MINEXTENTS 1 MAXEXTENTS 2147483645
  PCTINCREASE 0 FREELISTS 1 FREELIST GROUPS 1 BUFFER_POOL DEFAULT FLASH_CACHE DEFAULT CELL_FLASH_CACHE DEFAULT)
  TABLESPACE "SYSTEM"  ENABLE;
  ALTER TABLE "BCC"."BV" MODIFY ("ID_BV" NOT NULL ENABLE);
--------------------------------------------------------
--  Constraints for Table NOTE
--------------------------------------------------------

  ALTER TABLE "BCC"."NOTE" ADD CONSTRAINT "NOTE_PK" PRIMARY KEY ("ID_NOTE")
  USING INDEX PCTFREE 10 INITRANS 2 MAXTRANS 255 COMPUTE STATISTICS 
  STORAGE(INITIAL 65536 NEXT 1048576 MINEXTENTS 1 MAXEXTENTS 2147483645
  PCTINCREASE 0 FREELISTS 1 FREELIST GROUPS 1 BUFFER_POOL DEFAULT FLASH_CACHE DEFAULT CELL_FLASH_CACHE DEFAULT)
  TABLESPACE "SYSTEM"  ENABLE;
  ALTER TABLE "BCC"."NOTE" MODIFY ("ID_NOTE" NOT NULL ENABLE);
--------------------------------------------------------
--  Constraints for Table RESPONSABLECOMMUNE
--------------------------------------------------------

  ALTER TABLE "BCC"."RESPONSABLECOMMUNE" ADD CONSTRAINT "RESPONSABLECOMMUNE_PK" PRIMARY KEY ("ID_RES")
  USING INDEX PCTFREE 10 INITRANS 2 MAXTRANS 255 COMPUTE STATISTICS 
  STORAGE(INITIAL 65536 NEXT 1048576 MINEXTENTS 1 MAXEXTENTS 2147483645
  PCTINCREASE 0 FREELISTS 1 FREELIST GROUPS 1 BUFFER_POOL DEFAULT FLASH_CACHE DEFAULT CELL_FLASH_CACHE DEFAULT)
  TABLESPACE "SYSTEM"  ENABLE;
  ALTER TABLE "BCC"."RESPONSABLECOMMUNE" MODIFY ("ID_RES" NOT NULL ENABLE);
--------------------------------------------------------
--  Constraints for Table MEMBRE
--------------------------------------------------------

  ALTER TABLE "BCC"."MEMBRE" ADD CONSTRAINT "MEMBRE_PK" PRIMARY KEY ("ID_MB")
  USING INDEX PCTFREE 10 INITRANS 2 MAXTRANS 255 COMPUTE STATISTICS 
  STORAGE(INITIAL 65536 NEXT 1048576 MINEXTENTS 1 MAXEXTENTS 2147483645
  PCTINCREASE 0 FREELISTS 1 FREELIST GROUPS 1 BUFFER_POOL DEFAULT FLASH_CACHE DEFAULT CELL_FLASH_CACHE DEFAULT)
  TABLESPACE "SYSTEM"  ENABLE;
  ALTER TABLE "BCC"."MEMBRE" MODIFY ("ID_MB" NOT NULL ENABLE);
--------------------------------------------------------
--  Constraints for Table COMMUNE
--------------------------------------------------------

  ALTER TABLE "BCC"."COMMUNE" ADD CONSTRAINT "COMMUNE_PK" PRIMARY KEY ("ID_COMN")
  USING INDEX PCTFREE 10 INITRANS 2 MAXTRANS 255 COMPUTE STATISTICS 
  STORAGE(INITIAL 65536 NEXT 1048576 MINEXTENTS 1 MAXEXTENTS 2147483645
  PCTINCREASE 0 FREELISTS 1 FREELIST GROUPS 1 BUFFER_POOL DEFAULT FLASH_CACHE DEFAULT CELL_FLASH_CACHE DEFAULT)
  TABLESPACE "SYSTEM"  ENABLE;
  ALTER TABLE "BCC"."COMMUNE" MODIFY ("ID_COMN" NOT NULL ENABLE);
--------------------------------------------------------
--  Constraints for Table BCC
--------------------------------------------------------

  ALTER TABLE "BCC"."BCC" ADD CONSTRAINT "BCC_PK" PRIMARY KEY ("ID_BCC")
  USING INDEX PCTFREE 10 INITRANS 2 MAXTRANS 255 COMPUTE STATISTICS 
  STORAGE(INITIAL 65536 NEXT 1048576 MINEXTENTS 1 MAXEXTENTS 2147483645
  PCTINCREASE 0 FREELISTS 1 FREELIST GROUPS 1 BUFFER_POOL DEFAULT FLASH_CACHE DEFAULT CELL_FLASH_CACHE DEFAULT)
  TABLESPACE "SYSTEM"  ENABLE;
  ALTER TABLE "BCC"."BCC" MODIFY ("ID_BCC" NOT NULL ENABLE);
--------------------------------------------------------
--  Constraints for Table CANDIDAT
--------------------------------------------------------

  ALTER TABLE "BCC"."CANDIDAT" ADD CONSTRAINT "CANDIDAT_PK" PRIMARY KEY ("ID_CD")
  USING INDEX PCTFREE 10 INITRANS 2 MAXTRANS 255 COMPUTE STATISTICS 
  STORAGE(INITIAL 65536 NEXT 1048576 MINEXTENTS 1 MAXEXTENTS 2147483645
  PCTINCREASE 0 FREELISTS 1 FREELIST GROUPS 1 BUFFER_POOL DEFAULT FLASH_CACHE DEFAULT CELL_FLASH_CACHE DEFAULT)
  TABLESPACE "SYSTEM"  ENABLE;
  ALTER TABLE "BCC"."CANDIDAT" MODIFY ("ID_CD" NOT NULL ENABLE);
--------------------------------------------------------
--  Ref Constraints for Table BV
--------------------------------------------------------

  ALTER TABLE "BCC"."BV" ADD FOREIGN KEY ("ID_COMN")
	  REFERENCES "BCC"."COMMUNE" ("ID_COMN") ENABLE;
--------------------------------------------------------
--  Ref Constraints for Table CANDIDAT
--------------------------------------------------------

  ALTER TABLE "BCC"."CANDIDAT" ADD FOREIGN KEY ("ID_LC")
	  REFERENCES "BCC"."LISTE_CONDIDATE" ("ID_LC") ENABLE;
--------------------------------------------------------
--  Ref Constraints for Table COMMUNE
--------------------------------------------------------

  ALTER TABLE "BCC"."COMMUNE" ADD FOREIGN KEY ("ID_BCC")
	  REFERENCES "BCC"."BCC" ("ID_BCC") ENABLE;
--------------------------------------------------------
--  Ref Constraints for Table DELEGE
--------------------------------------------------------

  ALTER TABLE "BCC"."DELEGE" ADD FOREIGN KEY ("ID_BV")
	  REFERENCES "BCC"."BV" ("ID_BV") ENABLE;
  ALTER TABLE "BCC"."DELEGE" ADD FOREIGN KEY ("ID_LC")
	  REFERENCES "BCC"."LISTE_CONDIDATE" ("ID_LC") ENABLE;
--------------------------------------------------------
--  Ref Constraints for Table ELECTEUR
--------------------------------------------------------

  ALTER TABLE "BCC"."ELECTEUR" ADD FOREIGN KEY ("ID_BV")
	  REFERENCES "BCC"."BV" ("ID_BV") ENABLE;
--------------------------------------------------------
--  Ref Constraints for Table LISTE_CONDIDATE
--------------------------------------------------------

  ALTER TABLE "BCC"."LISTE_CONDIDATE" ADD FOREIGN KEY ("ID_BCC")
	  REFERENCES "BCC"."BCC" ("ID_BCC") ENABLE;
--------------------------------------------------------
--  Ref Constraints for Table MEMBRE
--------------------------------------------------------

  ALTER TABLE "BCC"."MEMBRE" ADD FOREIGN KEY ("ID_BV")
	  REFERENCES "BCC"."BV" ("ID_BV") ENABLE;
--------------------------------------------------------
--  Ref Constraints for Table NOTE
--------------------------------------------------------

  ALTER TABLE "BCC"."NOTE" ADD FOREIGN KEY ("ID_PV")
	  REFERENCES "BCC"."PV" ("ID_PV") ENABLE;
--------------------------------------------------------
--  Ref Constraints for Table PV
--------------------------------------------------------

  ALTER TABLE "BCC"."PV" ADD FOREIGN KEY ("ID_BV")
	  REFERENCES "BCC"."BV" ("ID_BV") ENABLE;
--------------------------------------------------------
--  Ref Constraints for Table RESPONSABLECOMMUNE
--------------------------------------------------------

  ALTER TABLE "BCC"."RESPONSABLECOMMUNE" ADD FOREIGN KEY ("ID_COMN")
	  REFERENCES "BCC"."COMMUNE" ("ID_COMN") ENABLE;
